<?xml version="1.0" encoding="UTF-8"?>
<!DOCTYPE generatorConfiguration
        PUBLIC "-//mybatis.org//DTD MyBatis Generator Configuration 1.0//EN"
        "http://mybatis.org/dtd/mybatis-generator-config_1_0.dtd">

<generatorConfiguration>
    <context id="prod">
        <!-- RowBounds pagination -->
        <plugin type="org.mybatis.generator.plugins.RowBoundsPlugin" />
        <plugin type="org.mybatis.generator.plugins.CaseInsensitiveLikePlugin" />
        <plugin type="org.mybatis.generator.plugins.SerializablePlugin" />

        <commentGenerator>
            <property name="suppressDate" value="true" />
            <property name="suppressAllComments" value="true" />
        </commentGenerator>

        <!-- jdbc连接 -->
        <jdbcConnection driverClass="com.mysql.jdbc.Driver"
                        connectionURL="jdbc:mysql://localhost:3306/demo"
                        userId="root"
                        password="123456" />

        <javaModelGenerator targetPackage="com.demo.domain.model"
                            targetProject="src/main/java">
            <!-- 是否针对string类型的字段在set的时候进行trim调用 -->
            <property name="trimStrings" value="true" />
        </javaModelGenerator>

        <sqlMapGenerator targetPackage="mappers" targetProject="src/main/java" />

        <javaClientGenerator targetPackage="com.demo.infra.persistence.sql.mapper"
                             targetProject="src/main/java" type="XMLMAPPER" />

        <table tableName="repellent_plan" domainObjectName="RepellentPlan">
        </table>

    </context>
</generatorConfiguration>





